SHOOTER,X,Y,RANGE,DEFENDER,SCORE
Seth Curry,-3.808987265,5.583621033,"""(0, 4)""",Chris Paul,MADE
Seth Curry,-0.104278582,5.919137999,"""(0, 4)""",Trae Young,MADE
Seth Curry,-0.525863974,8.91223947,"""(0, 4)""",Trae Young,MADE
Seth Curry,-0.790616307,7.503781996,"""(0, 4)""",Chris Paul,MADE
Seth Curry,2.119074135,5.320533941,"""(0, 4)""",Trae Young,MADE
Seth Curry,0.753614285,7.053553681,"""(0, 4)""",Chris Paul,MADE
Seth Curry,-2.535078338,5.626915972,"""(0, 4)""",Russell Westbrook,MADE
Seth Curry,-3.23686272,6.619633481,"""(0, 4)""",Chris Paul,MADE
Seth Curry,2.045765212,8.142181668,"""(0, 4)""",Chris Paul,MADE
Seth Curry,2.821608747,6.426862499,"""(0, 4)""",Chris Paul,MADE
Seth Curry,-3.565397265,5.857231179,"""(0, 4)""",Trae Young,MADE
Seth Curry,0.271522194,5.397550177,"""(0, 4)""",Trae Young,MISSED
Seth Curry,-2.37309426,6.130096994,"""(0, 4)""",Russell Westbrook,MISSED
Seth Curry,-1.639677258,5.737345798,"""(0, 4)""",Russell Westbrook,MISSED
Seth Curry,-2.099553198,6.559488872,"""(0, 4)""",Russell Westbrook,MISSED
Seth Curry,0.840827901,8.330372901,"""(0, 4)""",Russell Westbrook,MISSED
Seth Curry,-5.783569389,8.216536112,"""(5, 9)""",Trae Young,MADE
Seth Curry,1.121972789,11.94268996,"""(5, 9)""",Russell Westbrook,MADE
Seth Curry,-2.504467896,12.1404921,"""(5, 9)""",Trae Young,MADE
Seth Curry,2.887932609,10.63259715,"""(5, 9)""",Trae Young,MADE
Seth Curry,3.112612566,11.83442286,"""(5, 9)""",Chris Paul,MADE
Seth Curry,6.026322988,8.536963391,"""(5, 9)""",Trae Young,MADE
Seth Curry,-4.587841331,11.74574291,"""(5, 9)""",Trae Young,MADE
Seth Curry,4.938713308,9.634100096,"""(5, 9)""",Trae Young,MADE
Seth Curry,-4.529730139,10.41063285,"""(5, 9)""",Trae Young,MISSED
Seth Curry,4.859280937,9.397550413,"""(5, 9)""",Chris Paul,MISSED
Seth Curry,-7.673401306,5.516084297,"""(5, 9)""",Russell Westbrook,MISSED
Seth Curry,7.087774379,7.182458797,"""(5, 9)""",Russell Westbrook,MISSED
Seth Curry,-12.22333478,6.936394741,"""(10, 14)""",Trae Young,MADE
Seth Curry,9.099430561,15.59080458,"""(10, 14)""",Trae Young,MADE
Seth Curry,7.351106862,14.56972576,"""(10, 14)""",Trae Young,MADE
Seth Curry,12.20340557,9.242282587,"""(10, 14)""",Trae Young,MADE
Seth Curry,-3.058352973,17.02510337,"""(10, 14)""",Trae Young,MADE
Seth Curry,-13.65181052,5.775612253,"""(10, 14)""",Russell Westbrook,MISSED
Seth Curry,3.426317347,17.34937098,"""(10, 14)""",Russell Westbrook,MISSED
Seth Curry,12.66661656,5.678806574,"""(10, 14)""",Russell Westbrook,MISSED
Seth Curry,-10.10848465,11.51631517,"""(10, 14)""",Russell Westbrook,MISSED
Seth Curry,12.09199574,5.924298515,"""(10, 14)""",Chris Paul,MISSED
Seth Curry,12.1922651,6.182529387,"""(10, 14)""",Russell Westbrook,MISSED
Seth Curry,-12.53125923,9.500086062,"""(10, 14)""",Chris Paul,MISSED
Seth Curry,13.25333413,16.35537234,"""(15, 19)""",Chris Paul,MADE
Seth Curry,17.27366149,7.618933195,"""(15, 19)""",Trae Young,MADE
Seth Curry,16.77273833,10.45543081,"""(15, 19)""",Russell Westbrook,MADE
Seth Curry,11.30265835,16.81992661,"""(15, 19)""",Chris Paul,MADE
Seth Curry,15.73536967,11.47029979,"""(15, 19)""",Russell Westbrook,MADE
Seth Curry,-5.458567201,22.13358702,"""(15, 19)""",Trae Young,MADE
Seth Curry,14.31398907,13.68758715,"""(15, 19)""",Russell Westbrook,MADE
Seth Curry,-2.946763402,23.03321528,"""(15, 19)""",Trae Young,MADE
Seth Curry,-2.095649163,22.9320199,"""(15, 19)""",Trae Young,MADE
Seth Curry,5.629904584,22.72064477,"""(15, 19)""",Trae Young,MADE
Seth Curry,-16.08831113,9.912027921,"""(15, 19)""",Trae Young,MADE
Seth Curry,-13.58782489,14.0812712,"""(15, 19)""",Trae Young,MADE
Seth Curry,-15.12375172,11.67319221,"""(15, 19)""",Russell Westbrook,MADE
Seth Curry,4.984160926,21.7844973,"""(15, 19)""",Russell Westbrook,MISSED
Seth Curry,5.386925479,22.12214268,"""(15, 19)""",Russell Westbrook,MISSED
Seth Curry,14.63856269,11.58682327,"""(15, 19)""",Trae Young,MISSED
Seth Curry,5.314492721,21.51917938,"""(15, 19)""",Trae Young,MISSED
Seth Curry,-14.47482722,12.72342157,"""(15, 19)""",Russell Westbrook,MISSED
Seth Curry,-21.16273867,13.68199589,"""(20, 24)""",Trae Young,MADE
Seth Curry,-21.33732125,9.692615754,"""(20, 24)""",Trae Young,MADE
Seth Curry,-11.83200682,22.08005344,"""(20, 24)""",Chris Paul,MADE
Seth Curry,-15.64174825,20.96464001,"""(20, 24)""",Chris Paul,MADE
Seth Curry,0.17286431,26.83685088,"""(20, 24)""",Trae Young,MADE
Seth Curry,21.99983444,11.66522361,"""(20, 24)""",Trae Young,MADE
Seth Curry,11.48343165,23.15631548,"""(20, 24)""",Trae Young,MADE
Seth Curry,-20.73858815,6.396796779,"""(20, 24)""",Chris Paul,MADE
Seth Curry,-20.24220667,13.51446008,"""(20, 24)""",Russell Westbrook,MADE
Seth Curry,13.74657391,24.46400809,"""(20, 24)""",Chris Paul,MADE
Seth Curry,15.35939593,22.95830171,"""(20, 24)""",Trae Young,MADE
Seth Curry,-0.878465459,28.5069697,"""(20, 24)""",Trae Young,MADE
Seth Curry,-22.01824378,12.37052447,"""(20, 24)""",Trae Young,MADE
Seth Curry,14.29638775,23.44298678,"""(20, 24)""",Trae Young,MADE
Seth Curry,5.675476022,27.27740682,"""(20, 24)""",Trae Young,MADE
Seth Curry,-13.32903615,22.06221899,"""(20, 24)""",Trae Young,MADE
Seth Curry,-19.82578741,13.90634465,"""(20, 24)""",Chris Paul,MADE
Seth Curry,-9.002294525,24.16419239,"""(20, 24)""",Chris Paul,MADE
Seth Curry,-13.07847573,20.57797203,"""(20, 24)""",Chris Paul,MADE
Seth Curry,20.03623262,15.10678357,"""(20, 24)""",Trae Young,MADE
Seth Curry,3.038114831,27.57968137,"""(20, 24)""",Russell Westbrook,MISSED
Seth Curry,-8.254163046,24.58227895,"""(20, 24)""",Russell Westbrook,MISSED
Seth Curry,17.162547,21.34231652,"""(20, 24)""",Chris Paul,MISSED
Seth Curry,-17.62497763,20.95092005,"""(20, 24)""",Russell Westbrook,MISSED
Seth Curry,19.89282872,13.46367486,"""(20, 24)""",Chris Paul,MISSED
Seth Curry,1.511934211,28.10534723,"""(20, 24)""",Russell Westbrook,MISSED
Seth Curry,-10.79799691,23.14383294,"""(20, 24)""",Chris Paul,MISSED
Seth Curry,-11.6307274,21.9521194,"""(20, 24)""",Russell Westbrook,MISSED
Seth Curry,17.1974277,20.45955848,"""(20, 24)""",Russell Westbrook,MISSED
Seth Curry,17.72305827,15.58035663,"""(20, 24)""",Chris Paul,MISSED
Seth Curry,-13.85006706,29.59983169,"""(25, 29)""",Chris Paul,MADE
Seth Curry,-5.544421924,31.63544588,"""(25, 29)""",Chris Paul,MADE
Seth Curry,14.33274086,27.11570998,"""(25, 29)""",Russell Westbrook,MADE
Seth Curry,-24.23205196,5.829152853,"""(25, 29)""",Russell Westbrook,MADE
Seth Curry,23.63156979,19.81988855,"""(25, 29)""",Trae Young,MADE
Seth Curry,21.73518332,23.04530754,"""(25, 29)""",Russell Westbrook,MADE
Seth Curry,23.1038782,19.06852434,"""(25, 29)""",Trae Young,MADE
Seth Curry,23.25873971,18.24842268,"""(25, 29)""",Chris Paul,MADE
Seth Curry,-24.23205196,15.20951314,"""(25, 29)""",Trae Young,MADE
Seth Curry,23.95274177,10.04058933,"""(25, 29)""",Chris Paul,MADE
Seth Curry,23.71834531,15.81971303,"""(25, 29)""",Chris Paul,MADE
Seth Curry,-0.856550179,33.85391325,"""(25, 29)""",Trae Young,MADE
Seth Curry,-10.56569497,29.93196998,"""(25, 29)""",Trae Young,MADE
Seth Curry,23.95274177,10.81400994,"""(25, 29)""",Trae Young,MADE
Seth Curry,-0.525895658,32.02985208,"""(25, 29)""",Trae Young,MADE
Seth Curry,-17.17302859,26.28648529,"""(25, 29)""",Chris Paul,MADE
Seth Curry,23.95274177,11.10547441,"""(25, 29)""",Trae Young,MADE
Seth Curry,-24.23205196,7.488300744,"""(25, 29)""",Chris Paul,MADE
Seth Curry,13.35256394,28.61975373,"""(25, 29)""",Chris Paul,MADE
Seth Curry,23.95274177,8.006672838,"""(25, 29)""",Trae Young,MADE
Seth Curry,-24.23205196,10.64843002,"""(25, 29)""",Trae Young,MADE
Seth Curry,-24.23205196,10.77581291,"""(25, 29)""",Chris Paul,MADE
Seth Curry,23.95274177,12.04701287,"""(25, 29)""",Trae Young,MADE
Seth Curry,-9.08259354,29.50856469,"""(25, 29)""",Russell Westbrook,MADE
Seth Curry,22.3544205,16.4321221,"""(25, 29)""",Russell Westbrook,MADE
Seth Curry,15.76425767,25.43207071,"""(25, 29)""",Trae Young,MADE
Seth Curry,21.0319782,22.60123132,"""(25, 29)""",Chris Paul,MADE
Seth Curry,23.95274177,16.58404996,"""(25, 29)""",Trae Young,MADE
Seth Curry,-15.51257651,25.69786154,"""(25, 29)""",Chris Paul,MISSED
Seth Curry,-0.926723043,33.07374585,"""(25, 29)""",Russell Westbrook,MISSED
Seth Curry,21.13229681,24.55427512,"""(25, 29)""",Russell Westbrook,MISSED
Seth Curry,-1.482701373,33.37990301,"""(25, 29)""",Russell Westbrook,MISSED
Seth Curry,-18.21228326,27.09258761,"""(25, 29)""",Russell Westbrook,MISSED
Seth Curry,-20.41980841,24.37176949,"""(25, 29)""",Chris Paul,MISSED
Seth Curry,9.863744119,31.94659834,"""(25, 29)""",Russell Westbrook,MISSED
Seth Curry,-5.625002219,30.56237376,"""(25, 29)""",Russell Westbrook,MISSED
Seth Curry,22.27793023,21.35525198,"""(25, 29)""",Russell Westbrook,MISSED
Seth Curry,-22.76585517,19.89750615,"""(25, 29)""",Russell Westbrook,MISSED
Seth Curry,21.17019291,21.90400646,"""(25, 29)""",Trae Young,MISSED
Seth Curry,9.428626792,31.41008751,"""(25, 29)""",Russell Westbrook,MISSED
Seth Curry,-3.563702748,33.09828903,"""(25, 29)""",Trae Young,MISSED
Seth Curry,21.81411776,22.86254857,"""(25, 29)""",Russell Westbrook,MISSED
Seth Curry,-24.23205196,9.884216526,"""(25, 29)""",Russell Westbrook,MISSED
Seth Curry,-15.2482325,26.99355196,"""(25, 29)""",Chris Paul,MISSED
Seth Curry,-24.23205196,10.58439361,"""(25, 29)""",Chris Paul,MISSED
Seth Curry,-16.92881591,27.84844396,"""(25, 29)""",Chris Paul,MISSED
Seth Curry,23.95274177,18.76518194,"""(25, 29)""",Russell Westbrook,MISSED
Seth Curry,4.076880348,33.66997513,"""(25, 29)""",Russell Westbrook,MISSED
Seth Curry,1.136074519,33.40659457,"""(25, 29)""",Trae Young,MISSED
Seth Curry,-5.352802816,31.73619897,"""(25, 29)""",Chris Paul,MISSED
Seth Curry,-22.93405309,19.76422954,"""(25, 29)""",Chris Paul,MISSED
Seth Curry,-13.29995022,29.31879553,"""(25, 29)""",Chris Paul,MISSED
Seth Curry,22.14586985,23.49260755,"""(25, 29)""",Russell Westbrook,MISSED
Seth Curry,8.607404621,32.45203933,"""(25, 29)""",Chris Paul,MISSED
Seth Curry,-24.51561697,18.25121024,"""(25, 29)""",Russell Westbrook,MISSED
Seth Curry,-24.23205196,6.276173408,"""(25, 29)""",Chris Paul,MISSED
Seth Curry,10.60538166,31.32831149,"""(25, 29)""",Chris Paul,MISSED
Seth Curry,19.56343819,26.34259469,"""(25, 29)""",Russell Westbrook,MISSED
Seth Curry,-23.41376478,16.69207199,"""(25, 29)""",Chris Paul,MISSED
Chris Paul,-1.295078568,5.741176003,"""(0, 4)""",Seth Curry,MADE
Chris Paul,2.088871794,6.454242647,"""(0, 4)""",Seth Curry,MADE
Chris Paul,2.149437,8.138149332,"""(0, 4)""",Trae Young,MADE
Chris Paul,1.523836287,8.154198247,"""(0, 4)""",Trae Young,MADE
Chris Paul,-2.721135622,5.008910687,"""(0, 4)""",Seth Curry,MADE
Chris Paul,-3.614451749,6.315926452,"""(0, 4)""",Seth Curry,MADE
Chris Paul,1.229136539,6.05409204,"""(0, 4)""",Trae Young,MADE
Chris Paul,-1.341153412,5.819614133,"""(0, 4)""",Seth Curry,MADE
Chris Paul,-0.433528956,7.111100945,"""(0, 4)""",Seth Curry,MADE
Chris Paul,-2.486057372,7.183775365,"""(0, 4)""",Russell Westbrook,MADE
Chris Paul,0.71562801,6.380443791,"""(0, 4)""",Trae Young,MADE
Chris Paul,-0.027717473,5.051972179,"""(0, 4)""",Trae Young,MADE
Chris Paul,1.628394331,5.922509634,"""(0, 4)""",Russell Westbrook,MISSED
Chris Paul,-0.763569845,6.358547213,"""(0, 4)""",Trae Young,MISSED
Chris Paul,-0.093850385,5.879517932,"""(0, 4)""",Russell Westbrook,MISSED
Chris Paul,2.704940116,6.923159668,"""(0, 4)""",Russell Westbrook,MISSED
Chris Paul,-1.54089692,13.05656902,"""(5, 9)""",Seth Curry,MADE
Chris Paul,5.465279125,9.571630413,"""(5, 9)""",Russell Westbrook,MADE
Chris Paul,-2.718660181,13.0963143,"""(5, 9)""",Trae Young,MADE
Chris Paul,-7.464517157,6.718978977,"""(5, 9)""",Trae Young,MADE
Chris Paul,8.408194166,7.137480106,"""(5, 9)""",Trae Young,MADE
Chris Paul,-5.427077427,9.138327692,"""(5, 9)""",Trae Young,MADE
Chris Paul,-0.889554595,12.0618171,"""(5, 9)""",Trae Young,MADE
Chris Paul,2.173360956,9.862637982,"""(5, 9)""",Trae Young,MADE
Chris Paul,7.536743392,8.823087351,"""(5, 9)""",Seth Curry,MADE
Chris Paul,-7.12243636,9.025922459,"""(5, 9)""",Trae Young,MADE
Chris Paul,5.478969819,11.14545805,"""(5, 9)""",Seth Curry,MADE
Chris Paul,-3.145902436,12.74534194,"""(5, 9)""",Russell Westbrook,MADE
Chris Paul,4.673656795,11.52954192,"""(5, 9)""",Seth Curry,MADE
Chris Paul,-2.660866147,12.19331527,"""(5, 9)""",Trae Young,MISSED
Chris Paul,2.909557449,12.9976305,"""(5, 9)""",Russell Westbrook,MISSED
Chris Paul,1.083251474,11.37047872,"""(5, 9)""",Seth Curry,MISSED
Chris Paul,-3.64636979,11.5767135,"""(5, 9)""",Russell Westbrook,MISSED
Chris Paul,-4.87486871,9.440577825,"""(5, 9)""",Seth Curry,MISSED
Chris Paul,-8.218299907,6.847082625,"""(5, 9)""",Trae Young,MISSED
Chris Paul,-8.271436882,6.989700002,"""(5, 9)""",Seth Curry,MISSED
Chris Paul,3.944932111,12.17201315,"""(5, 9)""",Trae Young,MISSED
Chris Paul,8.876402538,6.263156825,"""(5, 9)""",Seth Curry,MISSED
Chris Paul,11.67340324,8.824160069,"""(10, 14)""",Trae Young,MADE
Chris Paul,11.67698127,9.520077084,"""(10, 14)""",Seth Curry,MADE
Chris Paul,6.503316198,17.17411335,"""(10, 14)""",Seth Curry,MADE
Chris Paul,-10.27290271,9.485194969,"""(10, 14)""",Trae Young,MADE
Chris Paul,-11.47444434,10.8557524,"""(10, 14)""",Trae Young,MADE
Chris Paul,5.041494804,14.77575157,"""(10, 14)""",Trae Young,MADE
Chris Paul,-5.636157317,17.07969509,"""(10, 14)""",Russell Westbrook,MADE
Chris Paul,5.317586636,16.64813502,"""(10, 14)""",Trae Young,MADE
Chris Paul,11.78711637,5.615537516,"""(10, 14)""",Russell Westbrook,MADE
Chris Paul,2.156645667,16.48140399,"""(10, 14)""",Trae Young,MADE
Chris Paul,12.16710082,7.084347061,"""(10, 14)""",Trae Young,MADE
Chris Paul,11.52724365,8.078359944,"""(10, 14)""",Seth Curry,MADE
Chris Paul,-6.131698157,14.43857752,"""(10, 14)""",Trae Young,MADE
Chris Paul,10.96412476,13.36326025,"""(10, 14)""",Seth Curry,MADE
Chris Paul,3.730560808,15.30931452,"""(10, 14)""",Trae Young,MADE
Chris Paul,7.587950732,16.60862505,"""(10, 14)""",Seth Curry,MADE
Chris Paul,8.805024654,13.39455239,"""(10, 14)""",Trae Young,MADE
Chris Paul,-0.463072045,17.9985561,"""(10, 14)""",Trae Young,MADE
Chris Paul,8.73208641,11.33156873,"""(10, 14)""",Seth Curry,MADE
Chris Paul,-3.033800145,18.28078049,"""(10, 14)""",Trae Young,MADE
Chris Paul,-2.887517888,17.76791845,"""(10, 14)""",Trae Young,MADE
Chris Paul,-0.702605985,18.92129405,"""(10, 14)""",Seth Curry,MADE
Chris Paul,10.76682565,13.20012953,"""(10, 14)""",Russell Westbrook,MADE
Chris Paul,5.770397168,16.14480345,"""(10, 14)""",Russell Westbrook,MADE
Chris Paul,-4.680099825,16.16981886,"""(10, 14)""",Seth Curry,MADE
Chris Paul,-5.361208776,17.00117062,"""(10, 14)""",Seth Curry,MADE
Chris Paul,-5.993824023,17.27557803,"""(10, 14)""",Trae Young,MADE
Chris Paul,-7.258707084,12.24398505,"""(10, 14)""",Trae Young,MADE
Chris Paul,11.71398938,9.186987547,"""(10, 14)""",Seth Curry,MISSED
Chris Paul,-12.42306403,8.542371517,"""(10, 14)""",Russell Westbrook,MISSED
Chris Paul,2.36276913,18.76863911,"""(10, 14)""",Russell Westbrook,MISSED
Chris Paul,-0.188880798,16.96007081,"""(10, 14)""",Trae Young,MISSED
Chris Paul,-4.685722871,17.16072193,"""(10, 14)""",Russell Westbrook,MISSED
Chris Paul,-1.863158826,18.28936633,"""(10, 14)""",Trae Young,MISSED
Chris Paul,3.130965159,17.20062546,"""(10, 14)""",Seth Curry,MISSED
Chris Paul,-9.044856041,10.29250051,"""(10, 14)""",Seth Curry,MISSED
Chris Paul,5.381145883,15.69266952,"""(10, 14)""",Seth Curry,MISSED
Chris Paul,-10.19036138,9.778209057,"""(10, 14)""",Russell Westbrook,MISSED
Chris Paul,10.82653918,11.26780058,"""(10, 14)""",Seth Curry,MISSED
Chris Paul,-7.970606806,14.53728261,"""(10, 14)""",Trae Young,MISSED
Chris Paul,-9.622014887,13.90099382,"""(10, 14)""",Russell Westbrook,MISSED
Chris Paul,10.82446475,13.1919464,"""(10, 14)""",Seth Curry,MISSED
Chris Paul,0.017553174,18.9659521,"""(10, 14)""",Russell Westbrook,MISSED
Chris Paul,-1.99711114,18.22214919,"""(10, 14)""",Seth Curry,MISSED
Chris Paul,-11.5122482,6.539199317,"""(10, 14)""",Russell Westbrook,MISSED
Chris Paul,-6.620259079,15.20611375,"""(10, 14)""",Russell Westbrook,MISSED
Chris Paul,-13.33867297,8.943044306,"""(10, 14)""",Trae Young,MISSED
Chris Paul,12.15784923,8.130453323,"""(10, 14)""",Trae Young,MISSED
Chris Paul,-10.81871933,8.499290392,"""(10, 14)""",Russell Westbrook,MISSED
Chris Paul,7.455476419,16.72395171,"""(10, 14)""",Russell Westbrook,MISSED
Chris Paul,-6.937014325,14.78303998,"""(10, 14)""",Seth Curry,MISSED
Chris Paul,1.087910435,17.66829725,"""(10, 14)""",Trae Young,MISSED
Chris Paul,1.624684324,18.64469856,"""(10, 14)""",Seth Curry,MISSED
Chris Paul,11.82136261,5.682096063,"""(10, 14)""",Seth Curry,MISSED
Chris Paul,7.757945579,14.36446672,"""(10, 14)""",Trae Young,MISSED
Chris Paul,-12.77735049,9.142640448,"""(10, 14)""",Trae Young,MISSED
Chris Paul,-3.017754088,17.01307534,"""(10, 14)""",Russell Westbrook,MISSED
Chris Paul,-11.24499044,5.475887669,"""(10, 14)""",Seth Curry,MISSED
Chris Paul,10.4326722,12.41074405,"""(10, 14)""",Seth Curry,MISSED
Chris Paul,3.330331876,17.93362016,"""(10, 14)""",Russell Westbrook,MISSED
Chris Paul,-12.33153657,9.311635432,"""(10, 14)""",Russell Westbrook,MISSED
Chris Paul,-1.707359004,23.44217635,"""(15, 19)""",Trae Young,MADE
Chris Paul,-16.15147865,9.921148738,"""(15, 19)""",Seth Curry,MADE
Chris Paul,-15.87523863,14.48859345,"""(15, 19)""",Trae Young,MADE
Chris Paul,-4.290076951,23.41603073,"""(15, 19)""",Trae Young,MADE
Chris Paul,-8.568365379,19.50712469,"""(15, 19)""",Trae Young,MADE
Chris Paul,2.3009949,23.19069941,"""(15, 19)""",Seth Curry,MADE
Chris Paul,-8.161535487,21.09501867,"""(15, 19)""",Trae Young,MADE
Chris Paul,4.450744588,22.1517184,"""(15, 19)""",Russell Westbrook,MADE
Chris Paul,10.68409549,18.84460836,"""(15, 19)""",Seth Curry,MADE
Chris Paul,16.66611666,13.55585096,"""(15, 19)""",Seth Curry,MADE
Chris Paul,-17.44640542,5.244970145,"""(15, 19)""",Trae Young,MADE
Chris Paul,-12.38434384,16.9709683,"""(15, 19)""",Russell Westbrook,MADE
Chris Paul,-9.713706401,18.24342729,"""(15, 19)""",Trae Young,MADE
Chris Paul,4.26864304,22.37011892,"""(15, 19)""",Seth Curry,MADE
Chris Paul,6.946692034,21.77386382,"""(15, 19)""",Russell Westbrook,MADE
Chris Paul,14.86604609,14.82734918,"""(15, 19)""",Trae Young,MADE
Chris Paul,13.22896721,15.43316168,"""(15, 19)""",Seth Curry,MADE
Chris Paul,-8.260564594,19.55821797,"""(15, 19)""",Russell Westbrook,MADE
Chris Paul,15.7737852,10.5979878,"""(15, 19)""",Trae Young,MADE
Chris Paul,-10.8979366,18.97480783,"""(15, 19)""",Trae Young,MADE
Chris Paul,-3.806781685,20.64432248,"""(15, 19)""",Trae Young,MADE
Chris Paul,-16.24267348,13.72383527,"""(15, 19)""",Russell Westbrook,MADE
Chris Paul,14.8805496,14.29965672,"""(15, 19)""",Trae Young,MADE
Chris Paul,11.45410535,19.31110204,"""(15, 19)""",Trae Young,MADE
Chris Paul,-15.72998082,7.432811998,"""(15, 19)""",Seth Curry,MADE
Chris Paul,-16.43392833,11.94087427,"""(15, 19)""",Trae Young,MADE
Chris Paul,16.37253591,12.70430034,"""(15, 19)""",Trae Young,MADE
Chris Paul,10.13624624,19.79435244,"""(15, 19)""",Seth Curry,MADE
Chris Paul,17.75756467,5.026200258,"""(15, 19)""",Seth Curry,MADE
Chris Paul,18.72936739,6.367611339,"""(15, 19)""",Seth Curry,MADE
Chris Paul,-5.781046885,20.79741411,"""(15, 19)""",Seth Curry,MISSED
Chris Paul,8.383531155,20.53748142,"""(15, 19)""",Russell Westbrook,MISSED
Chris Paul,3.571884553,23.02309355,"""(15, 19)""",Russell Westbrook,MISSED
Chris Paul,-3.019221952,23.57703225,"""(15, 19)""",Seth Curry,MISSED
Chris Paul,10.20892111,20.23009458,"""(15, 19)""",Russell Westbrook,MISSED
Chris Paul,-14.85065422,11.49856738,"""(15, 19)""",Russell Westbrook,MISSED
Chris Paul,0.781805382,22.5954053,"""(15, 19)""",Trae Young,MISSED
Chris Paul,-17.60760951,6.309320098,"""(15, 19)""",Russell Westbrook,MISSED
Chris Paul,8.447454323,19.94788413,"""(15, 19)""",Russell Westbrook,MISSED
Chris Paul,-10.85534158,19.32594598,"""(15, 19)""",Russell Westbrook,MISSED
Chris Paul,16.57792896,11.60117998,"""(15, 19)""",Russell Westbrook,MISSED
Chris Paul,-9.243797762,20.81072185,"""(15, 19)""",Trae Young,MISSED
Chris Paul,18.8915221,5.927669551,"""(15, 19)""",Seth Curry,MISSED
Chris Paul,-3.156750377,21.13248286,"""(15, 19)""",Russell Westbrook,MISSED
Chris Paul,16.61690692,14.13824652,"""(15, 19)""",Russell Westbrook,MISSED
Chris Paul,0.23740082,23.29401022,"""(15, 19)""",Russell Westbrook,MISSED
Chris Paul,-14.49807305,15.15843517,"""(15, 19)""",Seth Curry,MISSED
Chris Paul,16.21488293,14.73994052,"""(15, 19)""",Russell Westbrook,MISSED
Chris Paul,-3.02371397,21.63150037,"""(15, 19)""",Russell Westbrook,MISSED
Chris Paul,-5.242364744,22.90939183,"""(15, 19)""",Russell Westbrook,MISSED
Chris Paul,18.64945526,5.051618563,"""(15, 19)""",Russell Westbrook,MISSED
Chris Paul,17.34874339,8.894994035,"""(15, 19)""",Trae Young,MISSED
Chris Paul,12.93701222,18.16387396,"""(15, 19)""",Russell Westbrook,MISSED
Chris Paul,18.01685052,7.87874467,"""(15, 19)""",Trae Young,MISSED
Chris Paul,-13.3066981,16.93402109,"""(15, 19)""",Trae Young,MISSED
Chris Paul,15.64454235,13.21458765,"""(15, 19)""",Russell Westbrook,MISSED
Chris Paul,-1.120038415,23.80922802,"""(15, 19)""",Russell Westbrook,MISSED
Chris Paul,-2.15615392,21.57201963,"""(15, 19)""",Russell Westbrook,MISSED
Chris Paul,-6.638751415,20.54447447,"""(15, 19)""",Trae Young,MISSED
Chris Paul,-17.2411796,11.07767023,"""(15, 19)""",Russell Westbrook,MISSED
Chris Paul,-18.08777736,6.065444073,"""(15, 19)""",Seth Curry,MISSED
Chris Paul,-15.29493112,12.99534289,"""(15, 19)""",Russell Westbrook,MISSED
Chris Paul,-1.465794226,23.40096236,"""(15, 19)""",Russell Westbrook,MISSED
Chris Paul,4.153629005,23.13694169,"""(15, 19)""",Russell Westbrook,MISSED
Chris Paul,-15.59921666,14.41867375,"""(15, 19)""",Russell Westbrook,MISSED
Chris Paul,-15.16926276,13.41748682,"""(15, 19)""",Seth Curry,MISSED
Chris Paul,-16.88759743,9.594166863,"""(15, 19)""",Russell Westbrook,MISSED
Chris Paul,9.350963622,25.17117843,"""(20, 24)""",Russell Westbrook,MADE
Chris Paul,-11.47856586,23.76498367,"""(20, 24)""",Trae Young,MADE
Chris Paul,18.60705279,19.74347145,"""(20, 24)""",Seth Curry,MADE
Chris Paul,2.877257366,28.47878008,"""(20, 24)""",Seth Curry,MADE
Chris Paul,16.39852607,22.00764871,"""(20, 24)""",Seth Curry,MADE
Chris Paul,6.721446403,27.08517354,"""(20, 24)""",Seth Curry,MADE
Chris Paul,-0.292946153,28.36313554,"""(20, 24)""",Russell Westbrook,MISSED
Chris Paul,-23.74131884,7.040565051,"""(20, 24)""",Russell Westbrook,MISSED
Chris Paul,16.49009084,22.20973959,"""(20, 24)""",Trae Young,MISSED
Chris Paul,22.69271779,7.468114867,"""(20, 24)""",Seth Curry,MISSED
Chris Paul,7.396096713,26.23614016,"""(20, 24)""",Seth Curry,MISSED
Chris Paul,19.21192616,18.98602618,"""(20, 24)""",Russell Westbrook,MISSED
Chris Paul,-3.425575922,28.7304849,"""(20, 24)""",Russell Westbrook,MISSED
Chris Paul,12.79762464,23.28951146,"""(20, 24)""",Seth Curry,MISSED
Chris Paul,-22.81869199,7.580648047,"""(20, 24)""",Russell Westbrook,MISSED
Chris Paul,-19.22105829,17.20344864,"""(20, 24)""",Seth Curry,MISSED
Chris Paul,-24.23205196,19.06654001,"""(25, 29)""",Trae Young,MADE
Chris Paul,-5.54718165,29.91450934,"""(25, 29)""",Seth Curry,MADE
Chris Paul,9.755436311,29.08527942,"""(25, 29)""",Trae Young,MADE
Chris Paul,-7.900306605,31.83256531,"""(25, 29)""",Trae Young,MADE
Chris Paul,-24.23205196,10.07654599,"""(25, 29)""",Trae Young,MADE
Chris Paul,4.884347978,32.10126614,"""(25, 29)""",Russell Westbrook,MADE
Chris Paul,-9.108185977,30.88317561,"""(25, 29)""",Seth Curry,MADE
Chris Paul,3.212730694,33.69170713,"""(25, 29)""",Russell Westbrook,MADE
Chris Paul,-12.80864561,29.71351037,"""(25, 29)""",Russell Westbrook,MADE
Chris Paul,-2.800966649,30.94352034,"""(25, 29)""",Seth Curry,MADE
Chris Paul,-13.75714553,27.90817205,"""(25, 29)""",Trae Young,MADE
Chris Paul,20.57373549,23.30582217,"""(25, 29)""",Trae Young,MADE
Chris Paul,21.48779989,20.04417146,"""(25, 29)""",Russell Westbrook,MADE
Chris Paul,23.95274177,8.111333191,"""(25, 29)""",Seth Curry,MADE
Chris Paul,23.95274177,17.10469215,"""(25, 29)""",Seth Curry,MADE
Chris Paul,14.52505478,28.91340494,"""(25, 29)""",Trae Young,MADE
Chris Paul,20.33793722,22.92099554,"""(25, 29)""",Russell Westbrook,MISSED
Chris Paul,-0.551495434,33.38703802,"""(25, 29)""",Russell Westbrook,MISSED
Chris Paul,23.95274177,16.39364498,"""(25, 29)""",Russell Westbrook,MISSED
Chris Paul,24.73152285,15.60268007,"""(25, 29)""",Seth Curry,MISSED
Chris Paul,11.08135499,30.38060443,"""(25, 29)""",Russell Westbrook,MISSED
Chris Paul,-23.67852979,21.47110167,"""(25, 29)""",Russell Westbrook,MISSED
Chris Paul,-24.23205196,8.505057869,"""(25, 29)""",Russell Westbrook,MISSED
Chris Paul,12.00720602,30.69267104,"""(25, 29)""",Seth Curry,MISSED
Chris Paul,-24.23205196,12.23053908,"""(25, 29)""",Trae Young,MISSED
Chris Paul,-15.46637033,29.25980465,"""(25, 29)""",Trae Young,MISSED
Chris Paul,16.41983236,28.78667581,"""(25, 29)""",Seth Curry,MISSED
Chris Paul,-11.43800026,29.5565675,"""(25, 29)""",Russell Westbrook,MISSED
Chris Paul,-16.45258485,26.53664385,"""(25, 29)""",Russell Westbrook,MISSED
Chris Paul,-22.35281223,20.51054946,"""(25, 29)""",Russell Westbrook,MISSED
Chris Paul,22.55491598,18.31937364,"""(25, 29)""",Russell Westbrook,MISSED
Chris Paul,-24.23205196,7.009841391,"""(25, 29)""",Seth Curry,MISSED
Chris Paul,6.838131561,32.60229948,"""(25, 29)""",Seth Curry,MISSED
Chris Paul,-8.071923489,30.39243329,"""(25, 29)""",Russell Westbrook,MISSED
Russell Westbrook,-0.299219544,5.220714728,"""(0, 4)""",Trae Young,MADE
Russell Westbrook,1.764199196,7.578441537,"""(0, 4)""",Trae Young,MADE
Russell Westbrook,3.281852061,5.18520199,"""(0, 4)""",Trae Young,MADE
Russell Westbrook,-0.358211711,6.188778776,"""(0, 4)""",Chris Paul,MADE
Russell Westbrook,2.519266853,7.824812438,"""(0, 4)""",Trae Young,MADE
Russell Westbrook,-0.116664879,8.339918567,"""(0, 4)""",Trae Young,MADE
Russell Westbrook,-2.225078331,7.406007494,"""(0, 4)""",Trae Young,MADE
Russell Westbrook,-1.198597925,6.824081095,"""(0, 4)""",Trae Young,MADE
Russell Westbrook,-0.381661347,8.955095985,"""(0, 4)""",Chris Paul,MADE
Russell Westbrook,-0.866036252,7.029386213,"""(0, 4)""",Chris Paul,MADE
Russell Westbrook,2.726161121,6.472622673,"""(0, 4)""",Chris Paul,MISSED
Russell Westbrook,1.531211025,5.209012029,"""(0, 4)""",Trae Young,MISSED
Russell Westbrook,0.119537431,5.019364649,"""(0, 4)""",Chris Paul,MISSED
Russell Westbrook,2.314304053,7.539086532,"""(0, 4)""",Trae Young,MISSED
Russell Westbrook,-1.133318129,6.843737981,"""(0, 4)""",Seth Curry,MISSED
Russell Westbrook,-3.669328941,5.21650501,"""(0, 4)""",Trae Young,MISSED
Russell Westbrook,1.292029099,6.353906543,"""(0, 4)""",Seth Curry,MISSED
Russell Westbrook,-1.762162653,7.128534041,"""(0, 4)""",Seth Curry,MISSED
Russell Westbrook,-1.240351852,6.749585287,"""(0, 4)""",Seth Curry,MISSED
Russell Westbrook,2.295529785,5.133892433,"""(0, 4)""",Trae Young,MISSED
Russell Westbrook,-3.13105512,6.35892234,"""(0, 4)""",Seth Curry,MISSED
Russell Westbrook,3.386264511,5.713302648,"""(0, 4)""",Chris Paul,MISSED
Russell Westbrook,2.252589674,7.196573877,"""(0, 4)""",Chris Paul,MISSED
Russell Westbrook,-3.462880567,5.864606923,"""(0, 4)""",Chris Paul,MISSED
Russell Westbrook,-0.065815459,8.704306382,"""(0, 4)""",Trae Young,MISSED
Russell Westbrook,7.925733405,8.072442319,"""(5, 9)""",Chris Paul,MADE
Russell Westbrook,-1.229608898,10.03438659,"""(5, 9)""",Seth Curry,MISSED
Russell Westbrook,5.951206856,6.662453177,"""(5, 9)""",Trae Young,MISSED
Russell Westbrook,-7.549446128,8.53696081,"""(5, 9)""",Seth Curry,MISSED
Russell Westbrook,-4.85982567,11.53838066,"""(5, 9)""",Chris Paul,MISSED
Russell Westbrook,6.612133611,7.783415766,"""(5, 9)""",Trae Young,MISSED
Russell Westbrook,4.54141894,12.32443111,"""(5, 9)""",Trae Young,MISSED
Russell Westbrook,6.604696737,8.471616368,"""(5, 9)""",Chris Paul,MISSED
Russell Westbrook,-7.382632367,9.904612872,"""(5, 9)""",Trae Young,MISSED
Russell Westbrook,10.3773055,10.57679892,"""(10, 14)""",Trae Young,MADE
Russell Westbrook,-2.906760839,18.61568834,"""(10, 14)""",Trae Young,MADE
Russell Westbrook,1.336634786,18.01305488,"""(10, 14)""",Trae Young,MADE
Russell Westbrook,7.820792616,16.02633846,"""(10, 14)""",Trae Young,MADE
Russell Westbrook,-2.90978672,16.98955805,"""(10, 14)""",Chris Paul,MISSED
Russell Westbrook,1.925974029,17.58868382,"""(10, 14)""",Chris Paul,MISSED
Russell Westbrook,10.69443735,16.77743782,"""(15, 19)""",Seth Curry,MADE
Russell Westbrook,15.68497171,15.07197258,"""(15, 19)""",Seth Curry,MADE
Russell Westbrook,13.74213016,17.9051492,"""(15, 19)""",Trae Young,MADE
Russell Westbrook,-5.685577302,20.36006494,"""(15, 19)""",Trae Young,MADE
Russell Westbrook,18.22447455,10.35482261,"""(15, 19)""",Chris Paul,MADE
Russell Westbrook,15.94999557,10.26991539,"""(15, 19)""",Chris Paul,MADE
Russell Westbrook,-15.86110817,13.72621099,"""(15, 19)""",Chris Paul,MADE
Russell Westbrook,17.5438079,8.345542419,"""(15, 19)""",Trae Young,MADE
Russell Westbrook,-16.30786538,7.943442808,"""(15, 19)""",Seth Curry,MISSED
Russell Westbrook,11.76443562,16.41998065,"""(15, 19)""",Seth Curry,MISSED
Russell Westbrook,18.59801806,5.992847471,"""(15, 19)""",Chris Paul,MISSED
Russell Westbrook,-16.08838324,13.56396393,"""(15, 19)""",Seth Curry,MISSED
Russell Westbrook,-4.404704439,23.10666384,"""(15, 19)""",Chris Paul,MISSED
Russell Westbrook,-9.021230441,21.00544969,"""(15, 19)""",Chris Paul,MISSED
Russell Westbrook,-16.00238003,14.60936244,"""(15, 19)""",Chris Paul,MISSED
Russell Westbrook,14.59922316,15.35893423,"""(15, 19)""",Trae Young,MISSED
Russell Westbrook,-13.52178437,17.12945762,"""(15, 19)""",Chris Paul,MISSED
Russell Westbrook,-13.31908236,18.54033769,"""(15, 19)""",Chris Paul,MISSED
Russell Westbrook,-3.406355918,20.48062456,"""(15, 19)""",Trae Young,MISSED
Russell Westbrook,0.485974948,23.62257239,"""(15, 19)""",Chris Paul,MISSED
Russell Westbrook,5.099071408,22.26328137,"""(15, 19)""",Trae Young,MISSED
Russell Westbrook,13.74909127,17.94130601,"""(15, 19)""",Trae Young,MISSED
Russell Westbrook,-3.476887405,20.88451998,"""(15, 19)""",Seth Curry,MISSED
Russell Westbrook,10.59512583,23.81629765,"""(20, 24)""",Trae Young,MADE
Russell Westbrook,-4.448557062,28.10561261,"""(20, 24)""",Seth Curry,MISSED
Russell Westbrook,23.63420488,7.765371556,"""(20, 24)""",Seth Curry,MISSED
Russell Westbrook,-22.38749129,11.59545597,"""(20, 24)""",Chris Paul,MISSED
Russell Westbrook,16.88090778,18.92181276,"""(20, 24)""",Seth Curry,MISSED
Russell Westbrook,-16.59135256,22.22811891,"""(20, 24)""",Chris Paul,MISSED
Russell Westbrook,3.761931021,27.47083172,"""(20, 24)""",Seth Curry,MISSED
Russell Westbrook,-13.83418017,30.16574009,"""(25, 29)""",Trae Young,MADE
Russell Westbrook,-24.23205196,11.57450042,"""(25, 29)""",Chris Paul,MADE
Russell Westbrook,-24.23205196,15.60137168,"""(25, 29)""",Trae Young,MADE
Russell Westbrook,21.3674426,22.74953103,"""(25, 29)""",Seth Curry,MADE
Russell Westbrook,23.43222257,21.00054621,"""(25, 29)""",Seth Curry,MISSED
Russell Westbrook,23.95274177,11.98471988,"""(25, 29)""",Chris Paul,MISSED
Russell Westbrook,24.36471495,16.69619817,"""(25, 29)""",Seth Curry,MISSED
Russell Westbrook,-5.326258276,31.94732341,"""(25, 29)""",Chris Paul,MISSED
Russell Westbrook,20.2178423,23.88087203,"""(25, 29)""",Seth Curry,MISSED
Russell Westbrook,12.50174869,29.76745491,"""(25, 29)""",Chris Paul,MISSED
Russell Westbrook,16.70241684,25.645434,"""(25, 29)""",Seth Curry,MISSED
Russell Westbrook,21.43769562,24.34714863,"""(25, 29)""",Chris Paul,MISSED
Russell Westbrook,2.292376309,33.22669109,"""(25, 29)""",Chris Paul,MISSED
Russell Westbrook,-12.76453675,29.1078727,"""(25, 29)""",Trae Young,MISSED
Trae Young,-2.733184602,6.519925135,"""(0, 4)""",Chris Paul,MADE
Trae Young,-0.283095891,7.587251917,"""(0, 4)""",Seth Curry,MADE
Trae Young,2.220087712,7.176017893,"""(0, 4)""",Seth Curry,MADE
Trae Young,-3.347403574,5.351879072,"""(0, 4)""",Chris Paul,MADE
Trae Young,0.371144907,7.197831527,"""(0, 4)""",Chris Paul,MADE
Trae Young,3.296692274,7.165733329,"""(0, 4)""",Chris Paul,MADE
Trae Young,2.168907927,6.298654357,"""(0, 4)""",Seth Curry,MADE
Trae Young,-0.940911884,7.47282223,"""(0, 4)""",Russell Westbrook,MADE
Trae Young,2.528816287,6.783051149,"""(0, 4)""",Chris Paul,MADE
Trae Young,3.33172631,5.272383984,"""(0, 4)""",Chris Paul,MADE
Trae Young,3.075366582,5.953095881,"""(0, 4)""",Chris Paul,MADE
Trae Young,-1.432868849,6.079081141,"""(0, 4)""",Russell Westbrook,MADE
Trae Young,2.091878252,5.468007872,"""(0, 4)""",Seth Curry,MADE
Trae Young,2.981444874,7.13077765,"""(0, 4)""",Chris Paul,MADE
Trae Young,-0.085177656,6.384503644,"""(0, 4)""",Russell Westbrook,MADE
Trae Young,-1.956150286,5.847791324,"""(0, 4)""",Seth Curry,MADE
Trae Young,1.327710696,7.865435455,"""(0, 4)""",Chris Paul,MADE
Trae Young,0.486579102,8.158371321,"""(0, 4)""",Russell Westbrook,MADE
Trae Young,1.955305967,7.450280628,"""(0, 4)""",Chris Paul,MADE
Trae Young,-2.346099216,6.087960422,"""(0, 4)""",Russell Westbrook,MADE
Trae Young,1.48963814,7.730535215,"""(0, 4)""",Seth Curry,MADE
Trae Young,1.895085542,7.985679561,"""(0, 4)""",Chris Paul,MADE
Trae Young,3.580751238,5.607168885,"""(0, 4)""",Seth Curry,MADE
Trae Young,0.860673911,6.840648629,"""(0, 4)""",Seth Curry,MADE
Trae Young,3.109278694,6.169988852,"""(0, 4)""",Chris Paul,MADE
Trae Young,3.390528649,5.762772248,"""(0, 4)""",Chris Paul,MADE
Trae Young,1.037187852,8.143300841,"""(0, 4)""",Russell Westbrook,MADE
Trae Young,-0.219755915,6.909959825,"""(0, 4)""",Seth Curry,MADE
Trae Young,-0.748755766,6.071947287,"""(0, 4)""",Russell Westbrook,MADE
Trae Young,-2.383744023,7.613977421,"""(0, 4)""",Russell Westbrook,MADE
Trae Young,-0.592922543,6.06636351,"""(0, 4)""",Chris Paul,MADE
Trae Young,-2.028785065,6.804581588,"""(0, 4)""",Russell Westbrook,MADE
Trae Young,-0.986793115,8.710604902,"""(0, 4)""",Seth Curry,MADE
Trae Young,1.214434038,6.103695337,"""(0, 4)""",Chris Paul,MISSED
Trae Young,-2.192433516,7.299867043,"""(0, 4)""",Russell Westbrook,MISSED
Trae Young,-0.691265491,5.5354282,"""(0, 4)""",Seth Curry,MISSED
Trae Young,0.694129676,7.548712269,"""(0, 4)""",Seth Curry,MISSED
Trae Young,0.569757116,6.274932706,"""(0, 4)""",Seth Curry,MISSED
Trae Young,-1.328428166,8.055675624,"""(0, 4)""",Russell Westbrook,MISSED
Trae Young,-2.608874523,6.717059087,"""(0, 4)""",Chris Paul,MISSED
Trae Young,-0.597457162,7.150697765,"""(0, 4)""",Seth Curry,MISSED
Trae Young,3.095028709,6.93592624,"""(0, 4)""",Russell Westbrook,MISSED
Trae Young,0.98686567,7.881315925,"""(0, 4)""",Chris Paul,MISSED
Trae Young,0.221366521,7.094777082,"""(0, 4)""",Russell Westbrook,MISSED
Trae Young,-2.830632152,7.808112769,"""(0, 4)""",Russell Westbrook,MISSED
Trae Young,1.328621047,6.942980483,"""(0, 4)""",Chris Paul,MISSED
Trae Young,3.546625748,6.818937397,"""(0, 4)""",Seth Curry,MISSED
Trae Young,0.462420421,8.89648802,"""(0, 4)""",Chris Paul,MISSED
Trae Young,2.654042139,5.498703279,"""(0, 4)""",Russell Westbrook,MISSED
Trae Young,0.607634293,6.379268935,"""(0, 4)""",Chris Paul,MISSED
Trae Young,-1.604711789,7.367134983,"""(0, 4)""",Russell Westbrook,MISSED
Trae Young,-3.965525422,5.520853178,"""(0, 4)""",Chris Paul,MISSED
Trae Young,-0.69081616,5.607388535,"""(0, 4)""",Seth Curry,MISSED
Trae Young,3.723969906,5.593187281,"""(0, 4)""",Seth Curry,MISSED
Trae Young,-2.752718196,6.245516214,"""(0, 4)""",Russell Westbrook,MISSED
Trae Young,-0.67466059,5.667838495,"""(0, 4)""",Russell Westbrook,MISSED
Trae Young,-2.627395064,7.705125296,"""(0, 4)""",Seth Curry,MISSED
Trae Young,1.216438361,6.39049933,"""(0, 4)""",Russell Westbrook,MISSED
Trae Young,2.765996055,5.816874753,"""(0, 4)""",Russell Westbrook,MISSED
Trae Young,3.350464842,6.684533439,"""(0, 4)""",Chris Paul,MISSED
Trae Young,1.951191776,6.566278473,"""(0, 4)""",Chris Paul,MISSED
Trae Young,-0.069058496,7.988924911,"""(0, 4)""",Russell Westbrook,MISSED
Trae Young,-3.263200965,5.208504776,"""(0, 4)""",Seth Curry,MISSED
Trae Young,5.133699349,11.77021004,"""(5, 9)""",Chris Paul,MADE
Trae Young,7.845695911,6.881886916,"""(5, 9)""",Chris Paul,MADE
Trae Young,8.594815672,5.545652662,"""(5, 9)""",Seth Curry,MADE
Trae Young,6.960114852,7.501273178,"""(5, 9)""",Seth Curry,MADE
Trae Young,4.713707816,11.27083674,"""(5, 9)""",Russell Westbrook,MADE
Trae Young,-7.093980951,7.244010202,"""(5, 9)""",Seth Curry,MADE
Trae Young,-6.574484011,5.3356808,"""(5, 9)""",Seth Curry,MADE
Trae Young,6.500978187,6.696189685,"""(5, 9)""",Seth Curry,MADE
Trae Young,4.415639305,10.54086667,"""(5, 9)""",Seth Curry,MADE
Trae Young,2.483646429,13.64852528,"""(5, 9)""",Seth Curry,MADE
Trae Young,7.720789252,8.906158675,"""(5, 9)""",Seth Curry,MADE
Trae Young,-1.474980949,13.12503268,"""(5, 9)""",Russell Westbrook,MADE
Trae Young,6.473431066,6.912250243,"""(5, 9)""",Chris Paul,MADE
Trae Young,1.289105217,10.73306508,"""(5, 9)""",Russell Westbrook,MADE
Trae Young,-7.881005997,7.438467342,"""(5, 9)""",Seth Curry,MADE
Trae Young,1.814069016,13.57277937,"""(5, 9)""",Russell Westbrook,MADE
Trae Young,2.627608917,13.49919616,"""(5, 9)""",Chris Paul,MADE
Trae Young,-7.025877273,7.39539542,"""(5, 9)""",Chris Paul,MADE
Trae Young,1.921965856,11.87603594,"""(5, 9)""",Seth Curry,MADE
Trae Young,-3.018601851,13.02606196,"""(5, 9)""",Chris Paul,MADE
Trae Young,0.365771346,12.48113208,"""(5, 9)""",Chris Paul,MADE
Trae Young,-8.030687456,6.259074487,"""(5, 9)""",Chris Paul,MADE
Trae Young,0.240755778,13.4361843,"""(5, 9)""",Chris Paul,MADE
Trae Young,-7.833183619,5.953711579,"""(5, 9)""",Seth Curry,MADE
Trae Young,-5.177271538,10.52597513,"""(5, 9)""",Seth Curry,MADE
Trae Young,8.158764951,7.619734986,"""(5, 9)""",Russell Westbrook,MISSED
Trae Young,3.096349725,11.33697493,"""(5, 9)""",Chris Paul,MISSED
Trae Young,-6.511059562,6.234957817,"""(5, 9)""",Seth Curry,MISSED
Trae Young,-2.448112137,12.62607562,"""(5, 9)""",Russell Westbrook,MISSED
Trae Young,3.310412965,12.82864901,"""(5, 9)""",Russell Westbrook,MISSED
Trae Young,4.314791928,12.72623605,"""(5, 9)""",Russell Westbrook,MISSED
Trae Young,4.959726085,10.6089475,"""(5, 9)""",Russell Westbrook,MISSED
Trae Young,-8.532698375,5.566857579,"""(5, 9)""",Chris Paul,MISSED
Trae Young,4.484350365,7.773551013,"""(5, 9)""",Seth Curry,MISSED
Trae Young,8.005588775,5.371735273,"""(5, 9)""",Russell Westbrook,MISSED
Trae Young,7.680935941,8.862720459,"""(5, 9)""",Seth Curry,MISSED
Trae Young,4.251991981,12.38206705,"""(5, 9)""",Russell Westbrook,MISSED
Trae Young,-1.987349778,13.753715,"""(5, 9)""",Chris Paul,MISSED
Trae Young,-7.591317701,7.742926097,"""(5, 9)""",Russell Westbrook,MISSED
Trae Young,5.590006107,11.46621478,"""(5, 9)""",Chris Paul,MISSED
Trae Young,3.003068433,11.57167989,"""(5, 9)""",Seth Curry,MISSED
Trae Young,6.954675603,9.86379995,"""(5, 9)""",Seth Curry,MISSED
Trae Young,6.560600771,11.03230631,"""(5, 9)""",Seth Curry,MISSED
Trae Young,1.424873979,13.36728173,"""(5, 9)""",Chris Paul,MISSED
Trae Young,1.322648637,12.29692037,"""(5, 9)""",Russell Westbrook,MISSED
Trae Young,-0.522889593,11.78622809,"""(5, 9)""",Chris Paul,MISSED
Trae Young,6.630945938,7.481517983,"""(5, 9)""",Chris Paul,MISSED
Trae Young,-0.127050842,11.07187196,"""(5, 9)""",Russell Westbrook,MISSED
Trae Young,3.929416475,12.94255291,"""(5, 9)""",Seth Curry,MISSED
Trae Young,-5.63200078,11.08751391,"""(5, 9)""",Russell Westbrook,MISSED
Trae Young,0.964359594,10.7675788,"""(5, 9)""",Seth Curry,MISSED
Trae Young,-0.092206019,11.48898232,"""(5, 9)""",Chris Paul,MISSED
Trae Young,6.507208491,8.9490015,"""(5, 9)""",Chris Paul,MISSED
Trae Young,8.797906889,15.81135346,"""(10, 14)""",Chris Paul,MADE
Trae Young,5.174932687,14.99642518,"""(10, 14)""",Chris Paul,MADE
Trae Young,-12.70455818,9.032197732,"""(10, 14)""",Seth Curry,MADE
Trae Young,-5.748973674,14.8933111,"""(10, 14)""",Chris Paul,MADE
Trae Young,-6.008964437,14.70016623,"""(10, 14)""",Chris Paul,MADE
Trae Young,2.106839304,18.1371645,"""(10, 14)""",Russell Westbrook,MADE
Trae Young,-12.46750756,9.640279948,"""(10, 14)""",Chris Paul,MADE
Trae Young,2.51702634,18.44169523,"""(10, 14)""",Seth Curry,MADE
Trae Young,-6.836861389,14.43151996,"""(10, 14)""",Seth Curry,MADE
Trae Young,-10.38431592,13.86501891,"""(10, 14)""",Seth Curry,MADE
Trae Young,-8.876628104,14.24615476,"""(10, 14)""",Chris Paul,MADE
Trae Young,0.133569385,17.51928574,"""(10, 14)""",Seth Curry,MADE
Trae Young,11.09880817,10.14109939,"""(10, 14)""",Russell Westbrook,MADE
Trae Young,13.83168387,6.231293451,"""(10, 14)""",Russell Westbrook,MADE
Trae Young,-11.44872643,5.922276601,"""(10, 14)""",Seth Curry,MADE
Trae Young,11.9220448,8.28142949,"""(10, 14)""",Chris Paul,MADE
Trae Young,0.806445205,17.88886786,"""(10, 14)""",Chris Paul,MADE
Trae Young,-12.7402331,5.603645464,"""(10, 14)""",Chris Paul,MADE
Trae Young,1.153382999,18.00232442,"""(10, 14)""",Chris Paul,MADE
Trae Young,-12.35880985,11.42246399,"""(10, 14)""",Seth Curry,MADE
Trae Young,11.51824368,8.630697232,"""(10, 14)""",Chris Paul,MADE
Trae Young,11.38572826,8.66261686,"""(10, 14)""",Chris Paul,MADE
Trae Young,1.693847583,18.05030091,"""(10, 14)""",Chris Paul,MADE
Trae Young,-12.19327308,11.37228003,"""(10, 14)""",Chris Paul,MADE
Trae Young,-13.00035579,7.219895523,"""(10, 14)""",Seth Curry,MADE
Trae Young,-3.133167893,16.54044134,"""(10, 14)""",Chris Paul,MADE
Trae Young,1.174423304,18.68646664,"""(10, 14)""",Chris Paul,MADE
Trae Young,-2.57489325,18.39859551,"""(10, 14)""",Chris Paul,MADE
Trae Young,-5.480707996,16.72247226,"""(10, 14)""",Seth Curry,MADE
Trae Young,-1.234029704,17.86724601,"""(10, 14)""",Chris Paul,MISSED
Trae Young,-12.54479471,8.690646388,"""(10, 14)""",Seth Curry,MISSED
Trae Young,-11.05217992,10.24882319,"""(10, 14)""",Seth Curry,MISSED
Trae Young,-12.2484892,5.279606278,"""(10, 14)""",Russell Westbrook,MISSED
Trae Young,-10.96536499,11.08038911,"""(10, 14)""",Chris Paul,MISSED
Trae Young,9.262142659,14.68194115,"""(10, 14)""",Seth Curry,MISSED
Trae Young,-13.34891392,6.826684535,"""(10, 14)""",Russell Westbrook,MISSED
Trae Young,-2.207247854,15.78531671,"""(10, 14)""",Chris Paul,MISSED
Trae Young,13.72680721,7.011651551,"""(10, 14)""",Seth Curry,MISSED
Trae Young,-11.55152536,10.81963416,"""(10, 14)""",Chris Paul,MISSED
Trae Young,-11.86006393,5.70651991,"""(10, 14)""",Russell Westbrook,MISSED
Trae Young,8.685217407,14.81896868,"""(10, 14)""",Seth Curry,MISSED
Trae Young,7.162427452,16.40953466,"""(10, 14)""",Russell Westbrook,MISSED
Trae Young,-11.71418097,8.769215794,"""(10, 14)""",Russell Westbrook,MISSED
Trae Young,-11.53992269,12.1108487,"""(10, 14)""",Chris Paul,MISSED
Trae Young,13.08470538,6.586375239,"""(10, 14)""",Russell Westbrook,MISSED
Trae Young,12.45333511,9.275876482,"""(10, 14)""",Russell Westbrook,MISSED
Trae Young,12.93163953,5.489376538,"""(10, 14)""",Seth Curry,MISSED
Trae Young,-6.925154079,17.09257751,"""(10, 14)""",Seth Curry,MISSED
Trae Young,-6.984921152,16.45849779,"""(10, 14)""",Chris Paul,MISSED
Trae Young,-7.737729484,15.24198886,"""(10, 14)""",Russell Westbrook,MISSED
Trae Young,-12.09978931,5.591042223,"""(10, 14)""",Russell Westbrook,MISSED
Trae Young,11.59875038,5.81445913,"""(10, 14)""",Chris Paul,MISSED
Trae Young,-10.81451651,12.22921019,"""(10, 14)""",Seth Curry,MISSED
Trae Young,-8.446056425,12.81008905,"""(10, 14)""",Russell Westbrook,MISSED
Trae Young,9.187091263,10.59675648,"""(10, 14)""",Russell Westbrook,MISSED
Trae Young,-6.925604666,15.3880348,"""(10, 14)""",Russell Westbrook,MISSED
Trae Young,-10.02740955,13.81449372,"""(10, 14)""",Seth Curry,MISSED
Trae Young,-8.969267977,13.13915312,"""(10, 14)""",Russell Westbrook,MISSED
Trae Young,5.017050615,17.55733793,"""(10, 14)""",Chris Paul,MISSED
Trae Young,15.82287322,8.279299698,"""(15, 19)""",Russell Westbrook,MADE
Trae Young,-4.02476875,23.10629589,"""(15, 19)""",Chris Paul,MADE
Trae Young,5.417084258,22.43422995,"""(15, 19)""",Chris Paul,MADE
Trae Young,-11.95488776,18.36992158,"""(15, 19)""",Chris Paul,MADE
Trae Young,-14.94055579,12.65758208,"""(15, 19)""",Chris Paul,MADE
Trae Young,-0.475452747,22.7478042,"""(15, 19)""",Chris Paul,MADE
Trae Young,12.62229096,18.94310767,"""(15, 19)""",Seth Curry,MADE
Trae Young,17.87581778,10.08894868,"""(15, 19)""",Seth Curry,MADE
Trae Young,17.05336825,7.145857561,"""(15, 19)""",Chris Paul,MADE
Trae Young,-2.554383005,22.49769724,"""(15, 19)""",Russell Westbrook,MADE
Trae Young,-16.94021262,7.568927949,"""(15, 19)""",Seth Curry,MISSED
Trae Young,-12.08358311,16.76019941,"""(15, 19)""",Chris Paul,MISSED
Trae Young,-17.44529189,7.621794943,"""(15, 19)""",Russell Westbrook,MISSED
Trae Young,3.397698365,22.72246702,"""(15, 19)""",Russell Westbrook,MISSED
Trae Young,8.598306455,21.86470354,"""(15, 19)""",Russell Westbrook,MISSED
Trae Young,-13.14021228,12.54430648,"""(15, 19)""",Russell Westbrook,MISSED
Trae Young,12.3952969,17.5842994,"""(15, 19)""",Chris Paul,MISSED
Trae Young,-2.369442767,23.52163189,"""(15, 19)""",Seth Curry,MISSED
Trae Young,-12.04823334,18.6141779,"""(15, 19)""",Russell Westbrook,MISSED
Trae Young,7.106483603,20.04107131,"""(15, 19)""",Russell Westbrook,MISSED
Trae Young,13.10148488,18.70914971,"""(15, 19)""",Chris Paul,MISSED
Trae Young,-7.122288814,20.35852943,"""(15, 19)""",Russell Westbrook,MISSED
Trae Young,2.35185536,21.70248938,"""(15, 19)""",Russell Westbrook,MISSED
Trae Young,-18.55260564,8.640809929,"""(15, 19)""",Chris Paul,MISSED
Trae Young,2.090340219,27.31088067,"""(20, 24)""",Russell Westbrook,MADE
Trae Young,-18.49343857,14.2285148,"""(20, 24)""",Russell Westbrook,MADE
Trae Young,-4.213858467,27.93666558,"""(20, 24)""",Chris Paul,MADE
Trae Young,-22.630214,11.97651208,"""(20, 24)""",Russell Westbrook,MADE
Trae Young,22.12104506,10.07322735,"""(20, 24)""",Chris Paul,MADE
Trae Young,22.72653376,11.77627755,"""(20, 24)""",Chris Paul,MADE
Trae Young,-21.73999391,9.019586428,"""(20, 24)""",Chris Paul,MADE
Trae Young,20.03855475,17.10181504,"""(20, 24)""",Russell Westbrook,MADE
Trae Young,16.33384021,17.20002322,"""(20, 24)""",Chris Paul,MADE
Trae Young,-19.75640377,17.91621653,"""(20, 24)""",Seth Curry,MADE
Trae Young,21.93740482,12.57537052,"""(20, 24)""",Seth Curry,MADE
Trae Young,-20.1757429,13.19500654,"""(20, 24)""",Chris Paul,MADE
Trae Young,-10.54897344,25.60601701,"""(20, 24)""",Seth Curry,MADE
Trae Young,12.17389484,23.17871027,"""(20, 24)""",Chris Paul,MADE
Trae Young,12.50130643,22.81299144,"""(20, 24)""",Chris Paul,MISSED
Trae Young,19.70834335,16.18701656,"""(20, 24)""",Russell Westbrook,MISSED
Trae Young,-15.87784648,22.62781598,"""(20, 24)""",Chris Paul,MISSED
Trae Young,-20.32533423,17.75062756,"""(20, 24)""",Russell Westbrook,MISSED
Trae Young,8.709987453,26.78991793,"""(20, 24)""",Seth Curry,MISSED
Trae Young,23.37275574,9.952529264,"""(20, 24)""",Chris Paul,MISSED
Trae Young,16.68044933,19.91366843,"""(20, 24)""",Seth Curry,MISSED
Trae Young,-23.10198333,11.38882591,"""(20, 24)""",Russell Westbrook,MISSED
Trae Young,-0.237176336,28.09138718,"""(20, 24)""",Russell Westbrook,MISSED
Trae Young,20.57608994,15.904101,"""(20, 24)""",Chris Paul,MISSED
Trae Young,-22.03940187,9.504996565,"""(20, 24)""",Seth Curry,MISSED
Trae Young,20.65117099,16.49178476,"""(20, 24)""",Seth Curry,MISSED
Trae Young,-19.78121607,8.932537762,"""(20, 24)""",Seth Curry,MISSED
Trae Young,13.26245012,24.47432837,"""(20, 24)""",Seth Curry,MISSED
Trae Young,12.44793003,24.87566919,"""(20, 24)""",Seth Curry,MISSED
Trae Young,-20.64973441,14.29217677,"""(20, 24)""",Chris Paul,MISSED
Trae Young,-0.142065643,27.87946098,"""(20, 24)""",Seth Curry,MISSED
Trae Young,24.11756984,19.0669377,"""(25, 29)""",Russell Westbrook,MADE
Trae Young,-9.411902039,31.80403032,"""(25, 29)""",Russell Westbrook,MADE
Trae Young,23.95274177,14.28788677,"""(25, 29)""",Russell Westbrook,MADE
Trae Young,-24.23205196,5.895694589,"""(25, 29)""",Chris Paul,MADE
Trae Young,-22.63672749,17.06489101,"""(25, 29)""",Seth Curry,MADE
Trae Young,24.76755075,16.95627408,"""(25, 29)""",Chris Paul,MADE
Trae Young,-24.23205196,10.30862905,"""(25, 29)""",Seth Curry,MADE
Trae Young,-24.23205196,9.90905458,"""(25, 29)""",Seth Curry,MADE
Trae Young,15.54946624,28.64101129,"""(25, 29)""",Chris Paul,MADE
Trae Young,-2.034236379,32.03822,"""(25, 29)""",Seth Curry,MADE
Trae Young,23.95274177,9.374010126,"""(25, 29)""",Chris Paul,MADE
Trae Young,-24.23205196,11.89274164,"""(25, 29)""",Russell Westbrook,MADE
Trae Young,-24.67559914,11.83156443,"""(25, 29)""",Seth Curry,MADE
Trae Young,-24.23205196,6.13350491,"""(25, 29)""",Seth Curry,MADE
Trae Young,15.43051825,26.53019143,"""(25, 29)""",Chris Paul,MADE
Trae Young,23.95274177,8.223650953,"""(25, 29)""",Russell Westbrook,MADE
Trae Young,23.95274177,16.1799337,"""(25, 29)""",Chris Paul,MADE
Trae Young,23.95274177,14.05358036,"""(25, 29)""",Russell Westbrook,MADE
Trae Young,-4.24529945,33.00103055,"""(25, 29)""",Seth Curry,MADE
Trae Young,-24.23205196,12.46657669,"""(25, 29)""",Chris Paul,MADE
Trae Young,20.91301926,24.88858015,"""(25, 29)""",Chris Paul,MADE
Trae Young,16.57841912,26.78706507,"""(25, 29)""",Chris Paul,MADE
Trae Young,-24.36282221,16.23252152,"""(25, 29)""",Chris Paul,MADE
Trae Young,16.47336185,26.54263219,"""(25, 29)""",Chris Paul,MADE
Trae Young,14.07794265,29.80746228,"""(25, 29)""",Russell Westbrook,MADE
Trae Young,18.31325203,25.93470426,"""(25, 29)""",Chris Paul,MADE
Trae Young,-7.302160295,32.04980608,"""(25, 29)""",Chris Paul,MADE
Trae Young,12.00000958,30.54457745,"""(25, 29)""",Chris Paul,MADE
Trae Young,-12.65134349,31.05962113,"""(25, 29)""",Russell Westbrook,MADE
Trae Young,23.95274177,12.44609096,"""(25, 29)""",Seth Curry,MADE
Trae Young,-15.25506301,28.95693535,"""(25, 29)""",Russell Westbrook,MADE
Trae Young,11.20483597,28.19767231,"""(25, 29)""",Seth Curry,MISSED
Trae Young,23.95274177,18.21070712,"""(25, 29)""",Russell Westbrook,MISSED
Trae Young,22.07939101,22.06147615,"""(25, 29)""",Russell Westbrook,MISSED
Trae Young,-5.479893345,30.4046205,"""(25, 29)""",Russell Westbrook,MISSED
Trae Young,-3.673873737,32.5062198,"""(25, 29)""",Seth Curry,MISSED
Trae Young,-24.23205196,10.71329835,"""(25, 29)""",Chris Paul,MISSED
Trae Young,23.95274177,12.05155576,"""(25, 29)""",Russell Westbrook,MISSED
Trae Young,-24.23205196,6.659229142,"""(25, 29)""",Russell Westbrook,MISSED
Trae Young,23.95274177,16.19916007,"""(25, 29)""",Russell Westbrook,MISSED
Trae Young,12.34329148,31.00321589,"""(25, 29)""",Seth Curry,MISSED
Trae Young,-22.29778897,21.30289963,"""(25, 29)""",Russell Westbrook,MISSED
Trae Young,22.49808188,19.86088842,"""(25, 29)""",Russell Westbrook,MISSED
Trae Young,15.68754135,28.77598522,"""(25, 29)""",Russell Westbrook,MISSED
Trae Young,-20.38390308,22.74271973,"""(25, 29)""",Seth Curry,MISSED
Trae Young,10.8731117,30.30860375,"""(25, 29)""",Russell Westbrook,MISSED
Trae Young,-24.52415111,20.28280808,"""(25, 29)""",Seth Curry,MISSED
Trae Young,-9.953960567,32.12911456,"""(25, 29)""",Seth Curry,MISSED
Trae Young,23.95274177,10.97572348,"""(25, 29)""",Chris Paul,MISSED
Trae Young,-19.50912768,26.37104815,"""(25, 29)""",Russell Westbrook,MISSED
Trae Young,-15.82339713,27.55790565,"""(25, 29)""",Seth Curry,MISSED
Trae Young,-9.006896054,30.47185988,"""(25, 29)""",Chris Paul,MISSED
Trae Young,23.95274177,7.478455806,"""(25, 29)""",Seth Curry,MISSED
Trae Young,23.95274177,13.17885952,"""(25, 29)""",Chris Paul,MISSED
Trae Young,-20.19878272,21.81946057,"""(25, 29)""",Chris Paul,MISSED
Trae Young,-7.113114865,31.06520285,"""(25, 29)""",Russell Westbrook,MISSED
Trae Young,-24.23205196,16.25664185,"""(25, 29)""",Chris Paul,MISSED
Trae Young,7.257923914,32.35459882,"""(25, 29)""",Chris Paul,MISSED
Trae Young,-7.288947589,30.3374684,"""(25, 29)""",Russell Westbrook,MISSED
Trae Young,12.23201951,30.30335851,"""(25, 29)""",Chris Paul,MISSED
Trae Young,0.685044812,31.37271327,"""(25, 29)""",Seth Curry,MISSED
Trae Young,23.95274177,11.47454434,"""(25, 29)""",Chris Paul,MISSED
Trae Young,4.508030492,33.21803502,"""(25, 29)""",Seth Curry,MISSED
Trae Young,23.95274177,14.7984804,"""(25, 29)""",Russell Westbrook,MISSED
Trae Young,-24.23205196,5.441226332,"""(25, 29)""",Chris Paul,MISSED
Trae Young,20.91286573,24.6385812,"""(25, 29)""",Chris Paul,MISSED
Trae Young,23.95274177,9.224575006,"""(25, 29)""",Russell Westbrook,MISSED
Trae Young,14.85135481,27.26287948,"""(25, 29)""",Chris Paul,MISSED
Trae Young,21.3563985,24.44395608,"""(25, 29)""",Seth Curry,MISSED
Trae Young,-24.23205196,11.26404353,"""(25, 29)""",Chris Paul,MISSED
Trae Young,-24.23205196,12.41852311,"""(25, 29)""",Russell Westbrook,MISSED
Trae Young,23.95274177,15.37517619,"""(25, 29)""",Russell Westbrook,MISSED
Trae Young,-11.38748553,31.65117461,"""(25, 29)""",Seth Curry,MISSED
Trae Young,9.682114486,30.98279324,"""(25, 29)""",Chris Paul,MISSED
Trae Young,-24.23205196,17.11584487,"""(25, 29)""",Russell Westbrook,MISSED
Trae Young,-24.67739702,14.89331993,"""(25, 29)""",Russell Westbrook,MISSED
Trae Young,-23.87831375,18.34968463,"""(25, 29)""",Russell Westbrook,MISSED
Trae Young,-1.991541815,32.45506878,"""(25, 29)""",Seth Curry,MISSED
Trae Young,24.20166618,16.64042096,"""(25, 29)""",Russell Westbrook,MISSED
Trae Young,23.95274177,15.95870816,"""(25, 29)""",Russell Westbrook,MISSED
Trae Young,-22.3630976,20.73300548,"""(25, 29)""",Russell Westbrook,MISSED
Trae Young,22.17066146,19.91178376,"""(25, 29)""",Seth Curry,MISSED
Trae Young,-19.82267054,25.33881418,"""(25, 29)""",Seth Curry,MISSED
Trae Young,-18.62966552,26.61491614,"""(25, 29)""",Russell Westbrook,MISSED
Trae Young,-12.7809948,30.01573581,"""(25, 29)""",Russell Westbrook,MISSED
Trae Young,22.38888374,23.4317405,"""(25, 29)""",Seth Curry,MISSED
Trae Young,2.430785813,32.26175961,"""(25, 29)""",Russell Westbrook,MISSED
Trae Young,-12.82964271,30.57821929,"""(25, 29)""",Chris Paul,MISSED
Trae Young,23.95274177,10.20182159,"""(25, 29)""",Seth Curry,MISSED
Trae Young,23.95274177,16.92924714,"""(25, 29)""",Seth Curry,MISSED
Trae Young,-24.85687037,13.28066161,"""(25, 29)""",Russell Westbrook,MISSED
Trae Young,2.793804062,31.06356012,"""(25, 29)""",Seth Curry,MISSED
Trae Young,-6.96552077,30.39233417,"""(25, 29)""",Chris Paul,MISSED
Trae Young,-18.98723155,24.51819025,"""(25, 29)""",Chris Paul,MISSED
Trae Young,23.95274177,15.32487513,"""(25, 29)""",Russell Westbrook,MISSED
Trae Young,6.221765612,30.75600808,"""(25, 29)""",Seth Curry,MISSED
Trae Young,16.39746663,27.66032338,"""(25, 29)""",Chris Paul,MISSED
Trae Young,-11.25710387,30.71309662,"""(25, 29)""",Russell Westbrook,MISSED
Trae Young,-11.28937064,31.06419675,"""(25, 29)""",Chris Paul,MISSED
